GEO_Region,GEO_Summary,Activity_Period,Terminal,Boarding_Area,Passenger_Count
Asia,International,201901,International,A,9743
Asia,International,201909,International,A,7833
Europe,International,201901,International,G,28433
US,Domestic,201908,Terminal 2,D,15534
Canada,International,201909,International,A,10633
US,Domestic,201902,Terminal 2,D,114565
Europe,International,201903,International,A,11496
Australia / Oceania,International,201903,International,A,10559
US,Domestic,201907,Terminal 2,D,16639
Mexico,International,201901,International,A,7071
Europe,International,201907,International,A,11944
US,Domestic,201908,Terminal 2,D,15964
Europe,International,201904,International,G,47216
Canada,International,201906,Terminal 3,E,14500
Europe,International,201906,International,G,2651
US,Domestic,201903,Terminal 1,C,8263
Mexico,International,201906,International,A,6487
Asia,International,201903,International,G,6710
Europe,International,201904,International,A,14586
Mexico,International,201906,Terminal 3,E,5496
US,Domestic,201901,Terminal 2,D,10807
Mexico,International,201901,International,G,1572
Europe,International,201902,International,G,4509
Asia,International,201905,International,A,9724
Europe,International,201903,International,A,3081
Central America,International,201907,International,G,8731
Asia,International,201909,International,A,13823
US,Domestic,201909,International,A,23221
US,Domestic,201904,Terminal 1,C,4320
Asia,International,201904,International,A,4265
US,Domestic,201905,Terminal 3,F,155954
Asia,International,201908,International,A,10502
Canada,International,201905,International,A,10910
US,Domestic,201901,International,A,55084
US,Domestic,201908,Terminal 1,C,9947
Asia,International,201903,International,A,9255
Canada,International,201904,International,G,3320
Europe,International,201905,International,G,7763
Asia,International,201902,International,A,20360
Middle East,International,201907,International,A,14906
Central America,International,201907,International,A,8218
Australia / Oceania,International,201908,International,G,532
Middle East,International,201901,International,A,14795
Europe,International,201907,International,A,6861
Asia,International,201901,International,G,8667
US,Domestic,201903,Terminal 1,C,2190
US,Domestic,201904,Terminal 1,B,133680
Mexico,International,201906,Terminal 3,F,21637
Asia,International,201907,International,G,7643
Canada,International,201901,International,G,126
Asia,International,201905,International,A,6965
US,Domestic,201902,Terminal 2,D,741
Europe,International,201906,International,G,7086
Europe,International,201905,Terminal 3,E,122
Asia,International,201907,International,A,5624
Asia,International,201902,International,A,6121
Mexico,International,201904,International,A,8768
Europe,International,201907,International,G,66961
Mexico,International,201905,Terminal 3,F,17301
Mexico,International,201908,Terminal 2,D,9043
Australia / Oceania,International,201904,International,A,10382
Middle East,International,201908,International,A,2818
US,Domestic,201909,International,A,22633
Europe,International,201905,International,A,4156
Middle East,International,201908,International,A,13822
Europe,International,201904,International,A,4424
Canada,International,201904,Terminal 3,E,8588
Mexico,International,201907,International,G,33565
US,Domestic,201904,Terminal 2,D,121301
Canada,International,201904,Terminal 3,F,12079
Europe,International,201906,International,A,22383
US,Domestic,201906,Terminal 1,B,26633
Australia / Oceania,International,201903,International,G,692
US,Domestic,201903,International,A,58773
US,Domestic,201902,International,G,7460
Central America,International,201903,International,G,7724
Europe,International,201904,International,A,2954
Asia,International,201902,International,G,7935
US,Domestic,201906,Terminal 1,C,35082
US,Domestic,201908,Terminal 2,D,266144
Asia,International,201909,International,A,6563
Asia,International,201903,International,G,82536
Europe,International,201901,International,A,8512
Asia,International,201903,International,A,22372
Mexico,International,201906,International,A,18418
US,Domestic,201902,Terminal 1,C,11865
Europe,International,201908,International,A,5077
US,Domestic,201901,Terminal 2,D,173
Asia,International,201909,International,A,8103
Asia,International,201901,International,A,3845
Europe,International,201906,International,A,21786
Mexico,International,201906,International,A,8942
Europe,International,201902,International,G,7221
Europe,International,201907,International,G,24255
Asia,International,201905,International,G,7234
Middle East,International,201905,International,G,7547
Asia,International,201904,International,A,368
Central America,International,201909,International,G,7144
Canada,International,201901,International,G,27681
Asia,International,201901,International,A,9887
US,Domestic,201902,International,A,13588
Europe,International,201905,International,G,8435
Canada,International,201902,Terminal 3,E,3947
Australia / Oceania,International,201906,International,G,6763
US,Domestic,201905,International,G,1180
Europe,International,201903,International,G,20090
Europe,International,201905,International,A,1980
Canada,International,201905,International,G,250
US,Domestic,201908,International,A,15378
Australia / Oceania,International,201903,International,A,344
Australia / Oceania,International,201906,International,A,13167
Middle East,International,201901,International,A,12570
Europe,International,201907,International,G,4728
US,Domestic,201901,International,G,6947
Asia,International,201901,International,A,14561
Asia,International,201905,International,A,8828
Central America,International,201908,International,A,6640
Central America,International,201904,International,A,7102
US,Domestic,201909,Terminal 1,B,55529
Europe,International,201904,International,A,16421
Asia,International,201904,International,A,11158
Europe,International,201906,International,G,58472
Canada,International,201907,Terminal 3,F,261
US,Domestic,201907,Terminal 1,B,153831
US,Domestic,201908,Terminal 3,E,88
Australia / Oceania,International,201908,International,A,11330
Canada,International,201906,International,G,8819
US,Domestic,201904,Terminal 1,B,95
US,Domestic,201907,Terminal 3,F,551488
US,Domestic,201905,Terminal 1,C,10422
Europe,International,201902,International,G,5103
US,Domestic,201904,Terminal 2,D,127350
Europe,International,201905,International,A,3754
Australia / Oceania,International,201908,International,G,5998
US,Domestic,201902,Terminal 3,F,133976
US,Domestic,201902,Terminal 3,E,206742
US,Domestic,201905,Terminal 3,F,499412
Europe,International,201906,International,A,21008
Mexico,International,201907,International,G,3260
Asia,International,201903,International,G,78682
Canada,International,201907,Terminal 3,F,18135
Mexico,International,201905,International,G,2210
Europe,International,201907,International,A,22777
Mexico,International,201909,International,G,11472
US,Domestic,201901,Terminal 1,C,5661
Europe,International,201908,International,G,4031
Australia / Oceania,International,201907,International,G,1441
Canada,International,201905,Terminal 3,F,5247
Europe,International,201903,International,A,8743
Asia,International,201905,International,G,8927
US,Domestic,201908,Terminal 3,F,613077
Australia / Oceania,International,201903,International,G,1969
Central America,International,201903,International,A,6736
US,Domestic,201903,Terminal 3,F,314
Central America,International,201905,International,G,7438
Europe,International,201904,International,G,7287
Europe,International,201905,International,A,2793
US,Domestic,201903,International,A,15591
US,Domestic,201909,Terminal 2,D,132087
US,Domestic,201903,International,A,15669
Asia,International,201901,International,A,538
Middle East,International,201905,International,G,8372
Australia / Oceania,International,201902,International,G,17301
Europe,International,201909,International,G,4874
Canada,International,201908,Terminal 3,F,215
Asia,International,201903,International,A,7717
Asia,International,201907,International,G,16925
Asia,International,201901,International,A,25600
US,Domestic,201906,International,A,63866
US,Domestic,201909,Terminal 1,C,4758
Asia,International,201909,International,A,8051
Asia,International,201901,International,A,4520
Asia,International,201901,International,A,13375
Middle East,International,201902,International,G,6086
US,Domestic,201905,Terminal 1,C,4231
Asia,International,201902,International,A,8042
Europe,International,201903,International,A,444
Europe,International,201905,International,A,4036
Europe,International,201909,International,G,6792
US,Domestic,201905,Terminal 1,B,21093
Europe,International,201908,International,G,23647
Europe,International,201909,International,G,9652
US,Domestic,201904,International,A,14999
Australia / Oceania,International,201901,International,G,7835
Asia,International,201905,International,A,8811
Europe,International,201902,International,A,14687
Asia,International,201902,International,A,4376
Canada,International,201901,International,G,5578
Europe,International,201903,International,A,2622
Canada,International,201904,International,G,31144
US,Domestic,201904,Terminal 1,C,4147
Europe,International,201908,International,A,13045
US,Domestic,201907,Terminal 3,F,539061
US,Domestic,201901,Terminal 2,D,110392
Europe,International,201906,International,G,21044
US,Domestic,201906,Terminal 1,C,10304
Asia,International,201904,International,G,11055
Europe,International,201902,International,G,7670
Asia,International,201904,International,G,15225
US,Domestic,201903,International,G,309
Europe,International,201903,International,A,330
Asia,International,201906,International,G,8647
Canada,International,201902,Terminal 3,F,8562
US,Domestic,201903,Terminal 1,C,34895
US,Domestic,201905,Terminal 1,B,137077
US,Domestic,201902,Terminal 2,D,10548
US,Domestic,201907,International,A,16259
Asia,International,201906,International,G,97383
Australia / Oceania,International,201902,International,G,1089
Mexico,International,201909,Terminal 3,F,7353
Australia / Oceania,International,201904,International,G,2834
Canada,International,201907,International,G,48454
US,Domestic,201901,Terminal 1,B,12066
Europe,International,201906,International,A,16575
US,Domestic,201902,Terminal 1,B,107714
US,Domestic,201903,Terminal 2,D,13068
Europe,International,201907,International,A,14293
Asia,International,201902,International,A,20440
Canada,International,201905,Terminal 3,F,14289
Europe,International,201907,International,G,8428
Australia / Oceania,International,201904,International,G,1669
US,Domestic,201907,Terminal 1,C,44187
Asia,International,201901,International,G,30462
Asia,International,201901,International,G,91684
US,Domestic,201906,Terminal 2,D,270298
US,Domestic,201906,International,A,61726
Europe,International,201909,International,G,21961
US,Domestic,201903,Terminal 1,B,12647
Europe,International,201908,International,G,61371
US,Domestic,201905,International,A,9203
US,Domestic,201907,International,G,9714
Asia,International,201905,International,A,368
US,Domestic,201902,Terminal 1,B,8
Asia,International,201908,International,G,29304
Australia / Oceania,International,201902,International,G,6450
Asia,International,201907,International,A,15089
Central America,International,201901,International,G,10062
Australia / Oceania,International,201907,International,G,6546
Europe,International,201909,International,A,3637
US,Domestic,201901,Terminal 1,C,3967
Canada,International,201906,International,G,439
Central America,International,201901,International,A,8065
Australia / Oceania,International,201907,International,A,315
Europe,International,201908,International,G,10030
Middle East,International,201903,International,G,6857
Europe,International,201906,International,A,6920
Europe,International,201907,International,A,3719
Canada,International,201903,International,G,3191
Australia / Oceania,International,201908,International,A,669
US,Domestic,201907,Terminal 3,F,164540
Europe,International,201909,International,A,6615
Asia,International,201907,International,A,9941
Mexico,International,201905,Terminal 3,E,4577
Asia,International,201906,International,G,7359
US,Domestic,201902,International,A,2216
Middle East,International,201903,International,A,11732
Asia,International,201904,International,G,12797
Canada,International,201904,Terminal 3,E,9192
Europe,International,201904,International,G,19852
Europe,International,201902,International,A,9291
Canada,International,201905,International,A,11239
US,Domestic,201909,International,A,13749
US,Domestic,201908,Terminal 1,C,194
Europe,International,201906,International,A,22110
Europe,International,201902,International,G,26018
Europe,International,201901,International,G,10064
Asia,International,201909,International,A,8585
Central America,International,201904,International,G,7103
Asia,International,201907,International,A,7273
Europe,International,201908,International,G,1700
Asia,International,201903,International,A,10064
Australia / Oceania,International,201907,Terminal 3,E,360
Asia,International,201909,International,G,6037
Europe,International,201903,International,A,316
US,Domestic,201902,Terminal 2,D,215689
Asia,International,201902,International,G,5639
US,Domestic,201903,Terminal 2,D,243227
Asia,International,201903,International,A,4162
Europe,International,201907,International,A,18215
Mexico,International,201901,International,A,14767
US,Domestic,201904,Terminal 1,C,14296
Middle East,International,201906,International,G,9314
Asia,International,201908,International,G,24778
US,Domestic,201909,Terminal 1,C,40319
Europe,International,201903,International,A,9132
Asia,International,201905,International,A,5281
Australia / Oceania,International,201905,International,G,13561
Asia,International,201908,International,G,8817
Asia,International,201909,International,A,8764
US,Domestic,201906,Terminal 2,D,14967
Europe,International,201907,International,G,21156
Europe,International,201906,International,A,15737
Asia,International,201903,International,G,15160
Europe,International,201904,International,A,6903
Canada,International,201906,Terminal 3,E,12179
US,Domestic,201901,Terminal 2,D,11597
US,Domestic,201902,Terminal 1,C,4548
Asia,International,201902,International,A,8080
Asia,International,201904,International,A,4576
Australia / Oceania,International,201905,International,G,5927
Asia,International,201908,International,A,16773
Europe,International,201901,International,G,30587
Asia,International,201908,International,G,7578
Europe,International,201909,International,A,18135
Asia,International,201902,International,G,7193
Canada,International,201906,Terminal 3,F,14359
Europe,International,201909,International,A,3066
Asia,International,201907,International,A,380
Australia / Oceania,International,201909,Terminal 3,F,182
US,Domestic,201901,Terminal 1,B,11607
Europe,International,201901,International,G,7956
Asia,International,201905,International,A,6321
Europe,International,201908,International,A,4037
Europe,International,201902,International,G,16529
US,Domestic,201904,Terminal 1,C,33437
Canada,International,201905,Terminal 3,F,4727
Canada,International,201907,International,G,9719
Canada,International,201901,Terminal 3,E,4781
Asia,International,201907,International,A,28315
US,Domestic,201908,International,G,6787
US,Domestic,201907,Terminal 2,D,1173
Central America,International,201908,International,A,7908
Europe,International,201908,International,G,3898
Asia,International,201907,International,A,10103
US,Domestic,201903,Terminal 1,C,30313
Asia,International,201908,International,A,8957
Middle East,International,201902,International,A,13030
Australia / Oceania,International,201902,International,G,16426
Europe,International,201908,International,A,24009
Canada,International,201906,International,A,14527
Europe,International,201901,International,G,4704
Europe,International,201901,International,A,7582
Central America,International,201905,International,A,7294
US,Domestic,201901,Terminal 3,E,244672
US,Domestic,201902,International,A,2008
Canada,International,201908,International,G,397
US,Domestic,201907,Terminal 1,C,43564
Australia / Oceania,International,201903,International,G,1962
Asia,International,201902,International,G,66656
US,Domestic,201902,Terminal 2,D,8493
Australia / Oceania,International,201905,International,G,6889
Middle East,International,201908,International,G,2899
US,Domestic,201901,Terminal 1,B,115400
Europe,International,201906,International,A,3178
Asia,International,201905,International,A,8829
Middle East,International,201909,International,A,2187
Australia / Oceania,International,201906,International,G,2396
Asia,International,201903,International,G,8498
Europe,International,201904,International,G,5423
Europe,International,201903,International,G,8549
US,Domestic,201904,Terminal 3,F,453449
US,Domestic,201908,Terminal 1,B,455
US,Domestic,201906,Terminal 3,E,4
US,Domestic,201908,Terminal 2,D,21783
Europe,International,201909,International,G,2364
Asia,International,201902,International,A,4287
Asia,International,201901,International,A,28970
Europe,International,201903,International,G,8825
Middle East,International,201905,International,A,12424
Asia,International,201907,International,A,9464
Australia / Oceania,International,201905,International,G,1415
Europe,International,201901,International,A,16577
Australia / Oceania,International,201906,International,G,6444
Asia,International,201908,International,A,4501
US,Domestic,201909,International,G,2967
US,Domestic,201906,International,G,7993
US,Domestic,201907,Terminal 1,C,9603
US,Domestic,201904,Terminal 1,C,6413
Mexico,International,201903,International,G,2809
Europe,International,201905,International,G,20544
Europe,International,201906,International,G,9500
US,Domestic,201906,Terminal 3,E,293199
Australia / Oceania,International,201901,International,G,1473
Europe,International,201906,International,A,6331
Mexico,International,201908,International,A,14905
US,Domestic,201903,Terminal 2,D,926
Middle East,International,201906,International,A,1415
US,Domestic,201902,Terminal 2,D,205642
Canada,International,201909,International,G,110
Europe,International,201906,Terminal 3,F,10264
Mexico,International,201905,International,A,5297
US,Domestic,201901,Terminal 1,B,124831
US,Domestic,201905,Terminal 2,D,378
Mexico,International,201907,Terminal 3,F,21851
US,Domestic,201909,International,A,7503
US,Domestic,201902,Terminal 2,D,109460
Asia,International,201904,Terminal 3,F,432
Europe,International,201901,International,G,5765
Middle East,International,201905,International,G,1308
Asia,International,201903,International,A,6448
Australia / Oceania,International,201908,International,G,1316
Europe,International,201908,International,A,6625
Canada,International,201908,Terminal 3,F,19654
Canada,International,201901,Terminal 3,F,5929
Canada,International,201909,Terminal 3,F,18830
Canada,International,201906,International,A,16127
Australia / Oceania,International,201906,International,G,13220
US,Domestic,201907,Terminal 1,B,18800
Asia,International,201903,International,A,9549
Canada,International,201904,International,G,348
Asia,International,201907,International,A,10724
Asia,International,201905,International,G,7340
Europe,International,201908,International,G,64041
US,Domestic,201908,International,A,17557
Europe,International,201907,International,A,4066
Canada,International,201906,Terminal 3,F,1027
Asia,International,201907,International,G,9194
US,Domestic,201905,Terminal 1,C,36289
Asia,International,201902,Terminal 3,F,611
Middle East,International,201904,International,A,10272
Australia / Oceania,International,201909,International,G,12357
Europe,International,201902,International,A,14530
Mexico,International,201905,International,A,13229
Europe,International,201908,International,G,9743
Asia,International,201903,International,A,12788
US,Domestic,201909,Terminal 2,D,9235
Europe,International,201902,International,A,9671
Australia / Oceania,International,201903,International,G,16289
Europe,International,201909,International,G,60243
Middle East,International,201907,International,G,3423
US,Domestic,201907,International,A,43383
US,Domestic,201906,Terminal 1,B,107
Asia,International,201905,International,G,14390
US,Domestic,201901,Terminal 2,D,11443
Asia,International,201903,International,G,14137
Asia,International,201904,International,G,8835
Europe,International,201902,International,A,2118
Mexico,International,201902,International,A,11979
Asia,International,201908,International,G,7081
Asia,International,201902,International,G,9222
US,Domestic,201902,Terminal 3,F,325275
Middle East,International,201902,International,A,11682
US,Domestic,201905,Terminal 2,D,346
US,Domestic,201905,Terminal 2,D,20466
Asia,International,201907,International,G,7024
US,Domestic,201907,Terminal 1,B,70
US,Domestic,201908,Terminal 2,D,1239
Europe,International,201906,International,G,10180
Central America,International,201902,International,G,6919
Canada,International,201909,International,G,41678
Mexico,International,201905,Terminal 2,D,9547
Middle East,International,201909,International,G,8467
Europe,International,201901,International,A,2127
US,Domestic,201909,Terminal 1,C,4363
Middle East,International,201909,International,G,2206
Asia,International,201902,International,G,21387
Canada,International,201908,International,G,505
US,Domestic,201909,International,A,7453
US,Domestic,201901,Terminal 2,D,10691
Europe,International,201903,International,G,6613
Mexico,International,201906,International,A,5571
Europe,International,201906,International,A,4532
US,Domestic,201904,Terminal 2,D,20393
Europe,International,201902,International,A,1937
Australia / Oceania,International,201907,International,A,13534
Europe,International,201904,International,A,6776
Canada,International,201904,International,A,841
US,Domestic,201903,Terminal 1,C,2316
Canada,International,201909,Terminal 3,E,14141
Mexico,International,201901,Terminal 2,D,9208
Canada,International,201906,International,G,10443
US,Domestic,201908,Terminal 1,B,63203
Australia / Oceania,International,201909,International,G,2648
Australia / Oceania,International,201905,International,G,3026
Asia,International,201908,International,G,12088
US,Domestic,201903,Terminal 1,C,8496
US,Domestic,201906,Terminal 2,D,146619
US,Domestic,201904,International,G,590
Middle East,International,201907,International,G,10165
Asia,International,201903,International,A,9016
US,Domestic,201907,Terminal 3,F,381
Canada,International,201909,International,G,7
US,Domestic,201907,Terminal 2,D,1110
US,Domestic,201907,Terminal 2,D,21310
Asia,International,201909,International,G,7522
US,Domestic,201908,Terminal 1,C,46657
Australia / Oceania,International,201906,Terminal 3,F,398
Europe,International,201905,International,A,11466
Asia,International,201908,International,G,87652
Australia / Oceania,International,201908,International,G,6689
Asia,International,201901,International,A,9490
Asia,International,201903,International,A,6995
Canada,International,201906,International,G,53186
US,Domestic,201904,Terminal 1,B,139310
Australia / Oceania,International,201908,International,G,13796
US,Domestic,201901,Terminal 3,E,228102
US,Domestic,201906,Terminal 1,C,1059
Europe,International,201908,International,A,7034
Asia,International,201909,International,G,72201
Europe,International,201905,International,A,18795
Asia,International,201905,International,A,16418
Mexico,International,201904,International,A,6251
Canada,International,201905,Terminal 3,E,7025
Australia / Oceania,International,201901,International,G,2830
Canada,International,201905,International,G,33462
Asia,International,201906,International,A,14195
US,Domestic,201903,Terminal 1,B,134393
Middle East,International,201904,International,G,7999
Canada,International,201903,International,G,36248
US,Domestic,201905,Terminal 3,F,485680
Europe,International,201909,International,G,9261
Europe,International,201904,International,A,147
Mexico,International,201902,Terminal 3,F,11182
US,Domestic,201902,Terminal 1,C,4574
Europe,International,201901,International,G,17829
US,Domestic,201901,Terminal 1,B,38
Asia,International,201902,International,G,6236
US,Domestic,201905,Terminal 3,F,148902
Australia / Oceania,International,201909,International,G,1029
Canada,International,201903,Terminal 3,E,4886
Europe,International,201906,International,G,4022
Europe,International,201905,International,A,19984
Asia,International,201904,International,A,13465
Asia,International,201906,International,A,10698
US,Domestic,201906,Terminal 1,C,955
Mexico,International,201904,International,A,12601
Europe,International,201904,International,G,2050
US,Domestic,201901,Terminal 1,C,194
Canada,International,201908,International,G,10644
Asia,International,201903,International,A,12849
US,Domestic,201906,International,G,871
Asia,International,201908,International,A,9410
Middle East,International,201908,International,A,14607
Asia,International,201905,International,G,5665
Europe,International,201905,International,G,51870
US,Domestic,201909,Terminal 3,E,231382
Asia,International,201908,International,A,10184
Mexico,International,201908,International,G,26314
US,Domestic,201907,Terminal 1,B,18508
Europe,International,201902,International,G,1052
US,Domestic,201902,International,A,53774
US,Domestic,201908,Terminal 3,F,156688
Canada,International,201904,International,A,838
Central America,International,201901,International,A,7259
Australia / Oceania,International,201906,International,G,12168
US,Domestic,201907,Terminal 2,D,21603
Asia,International,201906,Terminal 3,F,1108
Europe,International,201907,International,G,52327
Europe,International,201904,International,G,8700
US,Domestic,201909,Terminal 1,C,35221
Europe,International,201904,International,G,42597
US,Domestic,201908,Terminal 3,F,146
Europe,International,201908,International,G,7359
Canada,International,201902,Terminal 3,F,7830
Middle East,International,201907,International,G,7586
Europe,International,201908,International,A,4637
Australia / Oceania,International,201904,Terminal 3,F,371
Europe,International,201907,International,A,4579
Asia,International,201904,International,G,72581
Canada,International,201903,Terminal 3,E,5401
Europe,International,201906,International,G,23513
Asia,International,201906,International,G,19956
Central America,International,201906,International,A,8238
US,Domestic,201907,Terminal 2,D,140717
Asia,International,201908,International,A,532
Mexico,International,201906,International,A,16236
Europe,International,201905,International,A,6683
US,Domestic,201908,Terminal 2,D,267800
Canada,International,201907,International,A,14161
Canada,International,201904,Terminal 3,F,9845
US,Domestic,201904,International,G,7411
Asia,International,201906,International,A,9013
Europe,International,201909,International,A,18125
Middle East,International,201906,International,A,225
Asia,International,201906,International,A,10544
Australia / Oceania,International,201904,International,A,63
Australia / Oceania,International,201901,International,G,8915
Europe,International,201907,International,G,3659
Europe,International,201903,International,G,1101
Europe,International,201908,International,G,8721
Mexico,International,201902,International,A,4241
Europe,International,201905,International,A,21318
US,Domestic,201906,Terminal 2,D,250462
Asia,International,201907,International,G,8867
Europe,International,201907,International,A,19960
Canada,International,201908,International,G,10409
US,Domestic,201903,International,A,63072
Europe,International,201907,International,G,2797
Europe,International,201909,International,G,8509
Asia,International,201901,International,G,27800
Canada,International,201902,International,G,30400
Asia,International,201904,International,G,6306
Europe,International,201903,International,G,9674
Central America,International,201909,International,A,7139
Mexico,International,201901,Terminal 3,E,8928
US,Domestic,201906,Terminal 1,B,149120
Europe,International,201903,International,A,8750
Europe,International,201904,International,A,2275
Europe,International,201902,International,G,8646
US,Domestic,201902,Terminal 1,C,26310
US,Domestic,201906,Terminal 1,B,25543
Asia,International,201901,International,A,5661
US,Domestic,201903,Terminal 2,D,18534
Mexico,International,201901,International,A,12587
Asia,International,201904,International,A,6572
Asia,International,201906,International,A,9960
US,Domestic,201907,Terminal 3,E,322605
Mexico,International,201901,International,A,5517
Canada,International,201908,International,A,13241
Asia,International,201909,International,A,6423
Europe,International,201907,International,A,21748
Europe,International,201905,International,A,5551
US,Domestic,201901,Terminal 2,D,218037
Europe,International,201906,International,A,1044
Canada,International,201905,Terminal 3,E,9174
Europe,International,201906,International,G,1661
US,Domestic,201903,Terminal 1,B,134267
Central America,International,201902,International,A,7796
Asia,International,201907,International,A,10351
Europe,International,201904,International,A,19525
US,Domestic,201907,International,G,6353
US,Domestic,201905,International,G,1111
Europe,International,201903,International,A,319
Europe,International,201904,International,G,1944
US,Domestic,201908,Terminal 1,C,236522
Europe,International,201905,International,G,56220
US,Domestic,201902,International,A,178
Europe,International,201905,International,G,2328
Canada,International,201906,International,G,366
Mexico,International,201908,International,G,3488
Central America,International,201901,International,G,8846
Canada,International,201901,Terminal 3,E,3956
Europe,International,201907,International,A,4378
Europe,International,201901,International,G,5448
Canada,International,201905,International,G,37228
Central America,International,201908,International,G,6951
Europe,International,201906,International,G,3959
US,Domestic,201906,Terminal 3,F,156596
Canada,International,201908,Terminal 3,F,217
Europe,International,201906,International,A,12712
US,Domestic,201908,International,A,17959
Australia / Oceania,International,201909,International,A,11063
Europe,International,201906,International,G,1214
Europe,International,201906,International,G,3630
Asia,International,201901,International,A,10502
Asia,International,201903,International,A,10525
US,Domestic,201903,International,A,4166
Canada,International,201906,Terminal 3,F,23234
Central America,International,201903,International,G,8160
US,Domestic,201901,Terminal 1,C,32816
US,Domestic,201904,Terminal 1,C,168736
Australia / Oceania,International,201902,International,A,10338
Asia,International,201907,Terminal 3,F,219
Asia,International,201908,International,A,25166
Australia / Oceania,International,201903,Terminal 3,F,214
Europe,International,201905,International,A,4889
US,Domestic,201907,Terminal 2,D,259940
Canada,International,201908,International,A,14271
US,Domestic,201905,Terminal 2,D,245882
Mexico,International,201908,International,A,9373
US,Domestic,201907,Terminal 3,E,330683
Canada,International,201901,Terminal 3,F,6643
Australia / Oceania,International,201905,International,A,11686
Australia / Oceania,International,201904,International,G,3174
Australia / Oceania,International,201906,International,G,3240
US,Domestic,201903,Terminal 2,D,131741
US,Domestic,201905,Terminal 3,F,469
Europe,International,201908,International,G,10531
Europe,International,201905,International,G,22181
Mexico,International,201904,Terminal 2,D,8205
US,Domestic,201906,Terminal 1,C,971
Europe,International,201909,International,G,4828
Mexico,International,201909,International,A,4740
US,Domestic,201909,Terminal 1,C,186353
Central America,International,201907,International,G,8549
Europe,International,201908,International,A,24513
Asia,International,201909,International,A,14197
Canada,International,201903,Terminal 3,F,9887
Australia / Oceania,International,201902,International,G,1039
US,Domestic,201909,Terminal 3,E,2
US,Domestic,201904,Terminal 3,F,151108
Asia,International,201908,International,A,9947
Europe,International,201901,International,G,20541
Asia,International,201904,International,A,9027
Asia,International,201909,International,G,6355
Europe,International,201904,International,G,7490
Asia,International,201906,International,A,4331
Central America,International,201902,International,A,6299
Europe,International,201909,International,G,2161
Canada,International,201906,International,G,44940
Asia,International,201901,International,A,6864
Europe,International,201903,International,G,9712
US,Domestic,201903,Terminal 3,F,418869
Europe,International,201903,International,A,8875
Europe,International,201905,International,G,5605
Asia,International,201907,International,A,8768
Canada,International,201909,Terminal 3,F,1608
US,Domestic,201902,Terminal 3,F,490
Europe,International,201905,International,A,1659
Asia,International,201908,International,G,99811
Europe,International,201903,International,G,20177
US,Domestic,201902,Terminal 1,C,120
US,Domestic,201906,Terminal 1,B,149170
Canada,International,201907,International,A,15337
Australia / Oceania,International,201909,International,G,10617
Asia,International,201904,International,A,18640
US,Domestic,201901,Terminal 1,C,135068
Asia,International,201902,International,A,8217
US,Domestic,201902,International,A,13530
Australia / Oceania,International,201905,International,A,10432
Europe,International,201907,International,A,4187
Asia,International,201904,International,A,8477
Europe,International,201908,International,A,1964
US,Domestic,201903,Terminal 1,C,15210
Canada,International,201908,Terminal 3,E,13601
Europe,International,201903,International,G,1336
Asia,International,201905,International,A,5295
Asia,International,201905,International,G,79360
Asia,International,201905,Terminal 3,F,1813
Central America,International,201906,International,G,8460
Europe,International,201905,International,G,9587
US,Domestic,201902,Terminal 1,B,10301
Europe,International,201903,International,G,6186
Australia / Oceania,International,201904,International,G,12110
Mexico,International,201902,International,A,8534
Asia,International,201902,International,A,9452
Canada,International,201907,International,G,56803
Canada,International,201905,International,G,2983
Middle East,International,201908,International,G,8883
US,Domestic,201905,International,A,62629
Asia,International,201901,International,G,7302
Asia,International,201904,International,A,9386
Canada,International,201908,Terminal 3,E,18805
Europe,International,201906,International,G,56322
Asia,International,201902,International,G,68710
US,Domestic,201909,Terminal 3,F,154
Canada,International,201907,International,G,473
Europe,International,201908,International,A,773
Australia / Oceania,International,201908,International,A,13535
Asia,International,201903,International,G,7105
US,Domestic,201901,Terminal 1,C,13362
Europe,International,201902,International,A,7749
Europe,International,201902,Terminal 3,F,489
US,Domestic,201907,Terminal 1,B,154803
US,Domestic,201908,Terminal 3,F,606402
US,Domestic,201902,Terminal 1,C,27817
Europe,International,201901,International,A,2478
US,Domestic,201906,International,A,16464
Asia,International,201909,International,A,17151
Europe,International,201903,Terminal 3,F,207
US,Domestic,201905,International,A,15649
Asia,International,201906,International,A,15440
Europe,International,201902,International,G,5502
US,Domestic,201904,Terminal 1,B,14207
Australia / Oceania,International,201906,International,G,1034
Europe,International,201906,International,G,9391
Australia / Oceania,International,201907,International,G,3207
Asia,International,201903,International,A,9421
Europe,International,201901,International,A,8431
Mexico,International,201905,International,A,5694
Europe,International,201909,International,G,1464
Mexico,International,201903,International,A,5522
Canada,International,201903,International,G,557
Australia / Oceania,International,201907,International,G,13368
Europe,International,201904,International,G,9631
US,Domestic,201906,Terminal 2,D,268
Europe,International,201907,International,G,3860
US,Domestic,201902,Terminal 3,E,210459
Asia,International,201908,International,G,7837
Mexico,International,201907,Terminal 3,E,7532
Europe,International,201908,International,G,7735
Canada,International,201904,Terminal 3,F,5397
Mexico,International,201909,International,A,7946
US,Domestic,201904,International,A,15553
Canada,International,201903,International,G,34976
Australia / Oceania,International,201904,International,G,1150
Middle East,International,201906,International,A,14459
Europe,International,201907,International,A,4691
Europe,International,201904,International,A,15868
US,Domestic,201904,International,A,7164
Europe,International,201904,International,G,8421
Australia / Oceania,International,201901,International,G,18188
Middle East,International,201904,International,A,14419
Europe,International,201908,International,A,16634
US,Domestic,201902,Terminal 3,F,330032
US,Domestic,201905,Terminal 1,C,196037
US,Domestic,201908,Terminal 2,D,136628
US,Domestic,201902,International,A,54603
Asia,International,201904,International,A,9893
US,Domestic,201903,Terminal 3,F,444824
US,Domestic,201904,Terminal 1,C,34783
Europe,International,201904,International,G,21870
Asia,International,201904,International,A,7013
US,Domestic,201905,Terminal 1,B,140911
Europe,International,201906,International,A,5964
US,Domestic,201901,Terminal 3,F,144789
Australia / Oceania,International,201907,Terminal 3,F,669
Canada,International,201908,International,G,46
US,Domestic,201906,Terminal 2,D,368
Europe,International,201902,International,A,2004
Asia,International,201907,International,A,8153
Europe,International,201909,International,G,2243
Mexico,International,201908,International,A,5456
Europe,International,201903,International,G,7318
Canada,International,201903,Terminal 3,F,3363
Asia,International,201906,International,A,16533
Asia,International,201909,International,G,10933
Europe,International,201905,International,A,452
Europe,International,201902,International,G,27671
Asia,International,201907,International,G,13102
US,Domestic,201903,Terminal 3,E,261768
Asia,International,201907,International,G,100121
Europe,International,201908,International,G,6250
US,Domestic,201909,Terminal 2,D,223317
Europe,International,201904,International,A,1592
US,Domestic,201901,Terminal 1,C,4080
Australia / Oceania,International,201904,International,G,1734
US,Domestic,201908,Terminal 1,C,9517
US,Domestic,201909,Terminal 3,E,233633
US,Domestic,201906,Terminal 1,C,217714
Asia,International,201909,International,A,8695
Asia,International,201902,International,G,13035
Asia,International,201903,International,G,9912
Asia,International,201904,International,A,8426
Asia,International,201905,International,G,15179
US,Domestic,201908,International,G,8568
US,Domestic,201904,Terminal 1,B,14252
Europe,International,201909,International,A,13368
US,Domestic,201908,Terminal 1,B,151760
Europe,International,201905,International,A,16854
US,Domestic,201906,International,A,16004
US,Domestic,201905,International,A,63531
Canada,International,201901,International,G,6459
Australia / Oceania,International,201906,Terminal 3,E,205
US,Domestic,201901,Terminal 1,C,139371
Mexico,International,201903,Terminal 3,F,14982
Europe,International,201901,International,A,2493
US,Domestic,201903,International,G,10588
US,Domestic,201905,Terminal 2,D,240629
Australia / Oceania,International,201902,International,G,7369
US,Domestic,201901,Terminal 1,C,14259
Asia,International,201909,International,A,5068
Asia,International,201905,International,A,10352
Europe,International,201904,International,A,303
Europe,International,201906,International,A,2498
US,Domestic,201909,International,G,4543
Asia,International,201903,International,G,24831
Europe,International,201907,International,A,6014
Asia,International,201908,International,A,17293
Europe,International,201908,International,A,6149
Europe,International,201908,International,A,20368
Asia,International,201906,International,G,15501
US,Domestic,201903,Terminal 3,F,167195
Middle East,International,201901,International,G,2742
Mexico,International,201902,International,G,19129
Europe,International,201909,International,A,18202
Canada,International,201901,International,G,281
Europe,International,201909,International,G,9448
US,Domestic,201903,Terminal 2,D,231269
US,Domestic,201903,Terminal 2,D,884
Central America,International,201904,International,A,7879
Mexico,International,201902,Terminal 2,D,8744
US,Domestic,201908,Terminal 3,E,335620
US,Domestic,201906,Terminal 1,C,226191
Asia,International,201906,International,G,12206
Australia / Oceania,International,201903,International,G,19897
US,Domestic,201906,Terminal 1,C,977
Mexico,International,201904,Terminal 3,F,14105
US,Domestic,201909,Terminal 2,D,126646
Asia,International,201904,International,A,9090
Asia,International,201906,International,G,85107
US,Domestic,201907,Terminal 1,B,18864
Asia,International,201903,International,A,8005
Middle East,International,201901,International,G,7005
US,Domestic,201907,Terminal 3,F,164144
US,Domestic,201908,International,A,26462
US,Domestic,201908,International,A,2454
Asia,International,201907,International,A,18436
Europe,International,201907,International,G,7707
Europe,International,201909,International,A,1031
Mexico,International,201903,International,A,9425
Australia / Oceania,International,201909,International,G,6127
Australia / Oceania,International,201906,International,G,3776
Europe,International,201906,International,A,719
Asia,International,201909,International,G,7401
Europe,International,201907,International,G,9796
US,Domestic,201909,Terminal 2,D,202
Europe,International,201904,International,A,3002
US,Domestic,201903,Terminal 3,E,258267
Europe,International,201909,International,G,8555
Middle East,International,201904,International,G,8618
US,Domestic,201905,Terminal 1,C,4441
US,Domestic,201902,Terminal 2,D,8966
Canada,International,201903,International,G,7810
US,Domestic,201902,International,G,4092
Europe,International,201905,International,A,12615
Asia,International,201902,International,A,8331
Mexico,International,201902,International,G,761
US,Domestic,201905,Terminal 2,D,15241
Europe,International,201901,International,G,9366
Australia / Oceania,International,201908,International,G,3066
Europe,International,201909,Terminal 3,F,1067
Mexico,International,201901,International,A,2092
Europe,International,201906,International,G,6894
Asia,International,201907,International,G,85702
US,Domestic,201907,Terminal 1,B,18105
US,Domestic,201906,Terminal 2,D,144785
Europe,International,201902,International,G,5079
US,Domestic,201906,Terminal 3,F,1336
Europe,International,201906,International,G,8904
Australia / Oceania,International,201901,International,A,11146
Australia / Oceania,International,201904,International,A,207
Middle East,International,201903,International,G,7473
US,Domestic,201909,Terminal 2,D,220965
Asia,International,201907,International,A,11038
Canada,International,201907,Terminal 3,F,300
Middle East,International,201909,International,A,12008
Asia,International,201902,International,A,8431
Europe,International,201903,International,G,34293
Mexico,International,201903,Terminal 2,D,9381
Europe,International,201905,International,A,7053
Europe,International,201909,International,A,18326
Mexico,International,201901,International,A,1634
Australia / Oceania,International,201901,International,G,2369
Canada,International,201909,Terminal 3,F,14288
US,Domestic,201904,Terminal 2,D,232640
Asia,International,201906,International,G,22065
Europe,International,201902,International,G,1336
Canada,International,201903,International,G,7719
Australia / Oceania,International,201909,International,G,2842
Asia,International,201901,International,G,9361
US,Domestic,201907,Terminal 2,D,15759
Canada,International,201909,Terminal 3,E,17342
Asia,International,201906,International,G,16577
Australia / Oceania,International,201906,International,G,1390
Europe,International,201908,International,G,9997
Mexico,International,201908,International,A,17380
Asia,International,201903,International,G,8981
Australia / Oceania,International,201905,International,A,280
US,Domestic,201901,Terminal 2,D,206378
Australia / Oceania,International,201909,International,G,1419
Asia,International,201908,International,G,13358
Europe,International,201909,International,A,2526
Canada,International,201909,International,G,5968
Asia,International,201905,International,G,22995
Mexico,International,201907,International,A,5485
Europe,International,201902,International,A,7203
Central America,International,201909,International,A,6433
US,Domestic,201908,Terminal 1,B,149964
Europe,International,201902,International,A,2113
US,Domestic,201902,Terminal 2,D,10384
US,Domestic,201909,Terminal 2,D,17840
US,Domestic,201906,Terminal 3,F,532017
US,Domestic,201907,Terminal 1,C,9157
US,Domestic,201905,Terminal 3,E,4
Europe,International,201909,International,A,3605
US,Domestic,201903,Terminal 2,D,12710
Europe,International,201905,International,G,9064
Mexico,International,201903,International,G,25293
US,Domestic,201907,International,A,7841
US,Domestic,201903,International,G,9582
Asia,International,201901,International,A,9377
US,Domestic,201905,Terminal 2,D,21739
US,Domestic,201905,Terminal 1,C,195354
Europe,International,201908,International,A,3704
Asia,International,201904,International,A,10142
Canada,International,201902,International,G,155
Canada,International,201907,International,G,694
Europe,International,201901,International,A,7246
Middle East,International,201906,International,G,10149
US,Domestic,201902,Terminal 1,C,3922
Mexico,International,201906,Terminal 2,D,9309
US,Domestic,201901,International,G,8161
Australia / Oceania,International,201904,International,G,6794
Middle East,International,201907,International,A,14320
Europe,International,201904,International,G,5421
US,Domestic,201905,Terminal 2,D,136483
US,Domestic,201905,Terminal 1,C,11213
US,Domestic,201904,Terminal 3,F,147134
US,Domestic,201904,Terminal 1,C,171551
Europe,International,201905,Terminal 3,F,4986
Mexico,International,201903,International,A,12592
US,Domestic,201903,Terminal 1,C,166121
Australia / Oceania,International,201908,International,G,2865
Canada,International,201906,Terminal 3,F,1158
Europe,International,201909,International,G,9954
Europe,International,201907,International,G,7517
Europe,International,201901,International,A,11286
Europe,International,201905,International,G,1407
Asia,International,201901,International,G,16589
Canada,International,201903,Terminal 3,F,3262
US,Domestic,201906,Terminal 2,D,21763
Europe,International,201908,International,A,16801
US,Domestic,201905,Terminal 3,E,264044
Europe,International,201906,International,A,1048
US,Domestic,201904,Terminal 2,D,21383
US,Domestic,201905,Terminal 2,D,14867
US,Domestic,201906,Terminal 2,D,21968
Middle East,International,201906,International,A,13859
Mexico,International,201906,International,G,30575
Asia,International,201904,International,G,12249
Asia,International,201903,Terminal 3,F,1046
US,Domestic,201902,Terminal 1,C,129509
US,Domestic,201907,Terminal 1,C,236044
US,Domestic,201906,Terminal 3,E,296899
Mexico,International,201902,International,A,4230
US,Domestic,201903,Terminal 1,C,162259
US,Domestic,201903,Terminal 2,D,18142
US,Domestic,201904,Terminal 3,E,268624
Europe,International,201906,International,A,4374
US,Domestic,201901,International,A,55634
Asia,International,201909,International,A,566
Mexico,International,201901,International,A,10406
US,Domestic,201909,Terminal 3,F,421130
Australia / Oceania,International,201901,International,G,20164
Mexico,International,201903,International,A,5264
Canada,International,201907,International,G,10781
Canada,International,201907,Terminal 3,E,19354
Europe,International,201905,International,G,9804
Europe,International,201903,International,A,16940
Australia / Oceania,International,201904,International,A,239
Mexico,International,201907,International,A,18768
Europe,International,201909,International,A,732
US,Domestic,201909,Terminal 2,D,8803
Mexico,International,201907,Terminal 2,D,9153
Europe,International,201906,International,A,5382
Europe,International,201909,International,A,1135
Europe,International,201908,International,A,3825
US,Domestic,201903,Terminal 1,B,81
Central America,International,201908,International,G,7408
Canada,International,201902,International,G,6066
Asia,International,201908,International,A,11097
Mexico,International,201902,International,A,11020
Mexico,International,201908,Terminal 3,F,15034
Europe,International,201909,International,A,6984
Europe,International,201901,International,A,9101
Europe,International,201905,International,A,14903
US,Domestic,201902,Terminal 1,B,107501
US,Domestic,201901,Terminal 3,F,137752
Canada,International,201905,International,G,8255
US,Domestic,201904,Terminal 2,D,15058
Canada,International,201901,International,G,31173
Mexico,International,201905,International,A,12961
Mexico,International,201904,International,A,13124
US,Domestic,201906,Terminal 1,C,10215
Asia,International,201902,International,A,9918
Australia / Oceania,International,201909,International,A,286
Europe,International,201909,International,G,7207
Asia,International,201901,International,A,9006
Canada,International,201901,International,G,487
Canada,International,201905,International,G,9598
Europe,International,201903,International,A,12172
Asia,International,201906,International,A,24479
Canada,International,201902,International,G,6561
US,Domestic,201906,International,G,735
US,Domestic,201907,International,A,22488
Europe,International,201909,International,G,2336
Europe,International,201901,International,A,3089
Asia,International,201905,International,A,13808
Asia,International,201906,International,G,6906
Asia,International,201904,International,G,20828
Asia,International,201904,International,G,6624
Europe,International,201907,International,A,7138
Europe,International,201901,International,G,1293
Australia / Oceania,International,201903,International,G,1092
Asia,International,201906,International,A,8386
Europe,International,201907,International,A,24710
Australia / Oceania,International,201908,International,G,3819
Canada,International,201905,International,G,145
Asia,International,201908,International,A,5172
Asia,International,201906,International,A,9728
Europe,International,201909,International,G,61340
Europe,International,201904,International,A,16909
Asia,International,201904,International,A,8506
US,Domestic,201907,Terminal 3,E,46
Asia,International,201908,International,A,7221
Europe,International,201905,International,G,1578
Europe,International,201904,International,A,1307
Central America,International,201906,International,A,7415
Asia,International,201906,International,A,17580
Europe,International,201904,International,A,19882
Asia,International,201904,International,G,86880
Asia,International,201906,International,A,7031
US,Domestic,201908,International,A,27063
US,Domestic,201905,International,G,4752
Central America,International,201903,International,A,6923
Australia / Oceania,International,201907,International,G,6396
Europe,International,201906,International,A,1129
Australia / Oceania,International,201907,International,G,12131
Europe,International,201903,International,G,1581
Asia,International,201906,International,A,24937
US,Domestic,201901,Terminal 2,D,121463
Canada,International,201903,Terminal 3,F,9883
Asia,International,201906,International,A,368
Europe,International,201906,International,A,3625
US,Domestic,201904,Terminal 2,D,467
Central America,International,201902,International,G,7183
Asia,International,201905,International,G,95476
Canada,International,201901,Terminal 3,F,4684
US,Domestic,201902,Terminal 1,C,12057
Australia / Oceania,International,201902,International,A,8769
Europe,International,201905,International,G,9402
US,Domestic,201909,International,A,12290
Canada,International,201909,International,G,100
Canada,International,201908,International,G,53792
Australia / Oceania,International,201904,International,G,13442
Australia / Oceania,International,201904,International,G,5398
Mexico,International,201901,Terminal 3,E,168
Asia,International,201905,International,G,12097
US,Domestic,201907,International,G,906
Europe,International,201904,Terminal 3,F,1373
Middle East,International,201908,International,G,9575
Asia,International,201909,International,A,9004
US,Domestic,201905,International,A,9377
Asia,International,201904,International,A,25484
Australia / Oceania,International,201904,International,A,12070
Australia / Oceania,International,201902,International,G,1379
Asia,International,201901,International,G,6504
Europe,International,201904,International,G,1446
Europe,International,201902,International,A,7273
Central America,International,201906,International,G,8968
Australia / Oceania,International,201909,International,G,2767
Australia / Oceania,International,201901,International,G,1272
Asia,International,201903,International,G,22822
Asia,International,201908,International,A,11733
Asia,International,201909,International,G,13211
Europe,International,201901,International,G,6444
Europe,International,201902,International,A,7816
Mexico,International,201904,International,G,2783
Mexico,International,201906,International,G,4949
Asia,International,201903,International,A,4049
US,Domestic,201901,International,A,17635
Asia,International,201901,International,A,14122
US,Domestic,201901,International,G,885
Canada,International,201905,Terminal 3,F,9077
Europe,International,201909,International,A,13172
Europe,International,201903,International,A,3488
Asia,International,201902,International,A,10214
US,Domestic,201902,Terminal 1,C,126880
Asia,International,201902,International,A,9168
Asia,International,201902,International,A,7832
Europe,International,201901,International,G,9202
Canada,International,201909,International,A,9536
Asia,International,201902,International,G,23008
US,Domestic,201909,Terminal 1,B,125939
Mexico,International,201905,International,G,24421
Asia,International,201908,International,A,16008
US,Domestic,201909,International,A,440
Australia / Oceania,International,201901,International,A,12834
Canada,International,201902,Terminal 3,F,3798
US,Domestic,201901,International,A,4351
Europe,International,201901,International,G,1982
US,Domestic,201901,International,A,3475
US,Domestic,201908,International,A,15982
Middle East,International,201903,International,A,14210
US,Domestic,201905,Terminal 3,E,257574
US,Domestic,201909,Terminal 2,D,324
Europe,International,201908,International,A,6989
Europe,International,201909,International,A,19247
Australia / Oceania,International,201905,International,G,11802
Europe,International,201906,International,G,8762
Mexico,International,201909,International,A,12097
Europe,International,201901,International,A,14362
Middle East,International,201905,International,A,14023
Australia / Oceania,International,201903,International,G,7850
Australia / Oceania,International,201902,International,G,986
US,Domestic,201906,Terminal 3,F,546592
Europe,International,201909,International,A,6864
Asia,International,201902,International,A,13717
Asia,International,201908,International,G,331
US,Domestic,201903,Terminal 2,D,134609
Asia,International,201904,International,A,5166
Canada,International,201909,International,G,5890
Asia,International,201906,International,A,10688
US,Domestic,201906,International,A,15208
Asia,International,201903,International,G,6969
Australia / Oceania,International,201907,International,A,13576
Europe,International,201902,International,G,1306
Asia,International,201909,International,G,11361
Asia,International,201906,International,A,6992
Canada,International,201904,International,G,31391
Australia / Oceania,International,201909,International,A,9749
US,Domestic,201904,Terminal 3,F,8
Australia / Oceania,International,201905,International,G,914
Europe,International,201908,International,G,8290
US,Domestic,201904,Terminal 1,C,6458
Europe,International,201906,International,G,9168
US,Domestic,201908,Terminal 3,E,341150
US,Domestic,201906,Terminal 3,F,158096
Asia,International,201905,International,G,12715
Australia / Oceania,International,201905,Terminal 3,F,582
Asia,International,201909,International,A,12224
Europe,International,201903,International,A,143
Australia / Oceania,International,201901,International,G,1328
US,Domestic,201908,Terminal 2,D,1020
US,Domestic,201907,International,A,42044
Australia / Oceania,International,201906,International,A,11978
Europe,International,201905,International,G,1888
Central America,International,201907,International,A,7982
US,Domestic,201904,Terminal 3,E,15
Europe,International,201906,International,A,13659
Australia / Oceania,International,201903,International,G,8990
Middle East,International,201906,International,G,1308
US,Domestic,201908,Terminal 1,C,233499
Australia / Oceania,International,201909,International,G,6308
US,Domestic,201901,Terminal 2,D,49
US,Domestic,201903,Terminal 1,B,12617
US,Domestic,201901,International,G,718
US,Domestic,201907,Terminal 2,D,111052
Europe,International,201908,International,A,21647
US,Domestic,201904,International,A,6853
Asia,International,201903,International,A,323
Canada,International,201904,Terminal 3,F,5265
Asia,International,201905,International,A,8017
Mexico,International,201901,International,G,26237
Middle East,International,201905,International,A,1415
Mexico,International,201909,International,A,5154
Canada,International,201902,Terminal 3,F,3712
Europe,International,201904,International,A,1564
Asia,International,201905,International,A,25437
Mexico,International,201909,Terminal 2,D,8013
US,Domestic,201905,International,A,15173
Europe,International,201908,International,G,21441
Asia,International,201906,International,A,10181
Asia,International,201907,International,G,10912
Canada,International,201907,Terminal 3,E,12953
Asia,International,201901,International,A,11773
Central America,International,201909,International,G,7035
US,Domestic,201903,Terminal 3,F,172593
Europe,International,201903,International,A,16902
Europe,International,201908,International,A,12626
Canada,International,201901,Terminal 3,F,5162
Canada,International,201901,International,G,3
US,Domestic,201905,Terminal 1,C,38106
Asia,International,201909,International,G,14680
Europe,International,201909,International,A,6898
US,Domestic,201904,Terminal 2,D,232529
Asia,International,201907,International,G,16525
Asia,International,201909,International,A,8093
Asia,International,201902,International,G,8650
Europe,International,201904,International,G,8705
US,Domestic,201907,Terminal 2,D,264850
Europe,International,201907,International,A,4011
US,Domestic,201908,Terminal 1,B,61030
Europe,International,201904,International,A,4562
US,Domestic,201905,Terminal 1,C,4199
Asia,International,201905,International,A,9629
Asia,International,201907,International,A,21690
Europe,International,201908,International,A,3251
Canada,International,201909,Terminal 3,F,1722
Mexico,International,201901,Terminal 3,F,10905
US,Domestic,201907,International,G,905
Asia,International,201909,International,A,6350
US,Domestic,201906,Terminal 1,C,38900
Australia / Oceania,International,201907,International,G,3332
Europe,International,201907,International,G,9591
Canada,International,201908,International,G,54953
Australia / Oceania,International,201902,International,G,1420
Asia,International,201908,International,A,6003
Mexico,International,201908,International,A,6070
US,Domestic,201906,Terminal 2,D,13914
US,Domestic,201906,International,G,10779
Europe,International,201903,International,A,2486
Middle East,International,201907,International,A,2346
Asia,International,201907,International,A,15298
Asia,International,201901,International,G,10466
Asia,International,201908,International,G,16514
US,Domestic,201906,International,A,15433
US,Domestic,201907,International,A,16680
Europe,International,201901,International,G,1607
Middle East,International,201909,International,G,8038
Australia / Oceania,International,201905,International,G,2148
Asia,International,201907,International,G,15839
Asia,International,201901,International,G,14291
Europe,International,201902,International,G,8841
US,Domestic,201904,International,A,59891
Europe,International,201907,International,A,343
US,Domestic,201901,Terminal 1,C,33768
Middle East,International,201902,International,G,6008
Asia,International,201905,International,G,27352
Europe,International,201907,International,G,7037
Asia,International,201905,International,A,16804
Asia,International,201906,International,G,9158
US,Domestic,201901,International,A,16046
Canada,International,201906,International,G,836
US,Domestic,201907,International,A,14325
Central America,International,201905,International,A,8080
Middle East,International,201909,International,A,13569
Asia,International,201901,International,A,8285
Canada,International,201909,International,G,44757
Asia,International,201909,International,G,22402
US,Domestic,201901,Terminal 3,F,358249
Europe,International,201903,International,G,36932
US,Domestic,201905,International,G,9933
Asia,International,201909,International,G,18563
Asia,International,201902,International,A,270
Europe,International,201906,International,G,102
Canada,International,201902,Terminal 3,E,4553
Europe,International,201905,International,A,20775
US,Domestic,201909,Terminal 1,B,52936
US,Domestic,201909,Terminal 3,F,110397
US,Domestic,201909,Terminal 1,B,122295
Europe,International,201903,International,G,7892
Asia,International,201901,International,G,77223
Europe,International,201904,International,A,11389
Mexico,International,201909,International,G,1222
Europe,International,201909,International,A,3443
US,Domestic,201908,Terminal 2,D,121149
Australia / Oceania,International,201903,International,A,12656
US,Domestic,201904,Terminal 2,D,15374
Europe,International,201905,International,G,5877
US,Domestic,201905,Terminal 1,B,65
Europe,International,201909,International,A,3219
US,Domestic,201904,Terminal 2,D,495
Asia,International,201901,International,A,16069
Mexico,International,201903,Terminal 3,E,9430
Asia,International,201908,International,G,14653
Mexico,International,201902,Terminal 3,E,7281
Europe,International,201908,International,G,1499
US,Domestic,201909,Terminal 3,F,109191
Mexico,International,201904,International,A,4991
US,Domestic,201907,International,A,7851
Asia,International,201905,International,A,8167
Mexico,International,201907,International,A,18408
US,Domestic,201908,Terminal 2,D,20550
Europe,International,201906,International,A,4360
Europe,International,201907,International,G,9291
Mexico,International,201909,International,A,11606
US,Domestic,201904,International,A,59613
Canada,International,201908,Terminal 3,F,24798
US,Domestic,201903,International,A,4007
US,Domestic,201905,Terminal 1,B,20210
Europe,International,201907,International,A,842
Europe,International,201908,International,G,647
Mexico,International,201907,International,A,6220
Canada,International,201907,Terminal 3,F,23329
Asia,International,201908,International,A,7220
Asia,International,201904,International,G,5150
US,Domestic,201909,Terminal 1,C,184604
US,Domestic,201905,Terminal 2,D,145527
Europe,International,201905,International,A,393
Australia / Oceania,International,201903,International,G,1314
Asia,International,201901,International,G,211
Asia,International,201906,International,A,5408
Europe,International,201909,International,A,18637
Australia / Oceania,International,201905,International,G,3007
Central America,International,201904,International,G,7102
Europe,International,201907,International,G,10295
Europe,International,201909,International,A,365
Europe,International,201908,International,G,4802
Asia,International,201902,International,A,11916
Asia,International,201905,International,A,21310
US,Domestic,201904,Terminal 3,F,451468
Europe,International,201907,International,A,6846
Asia,International,201905,International,A,14617
Canada,International,201902,International,G,2910
Asia,International,201907,International,A,3589
Europe,International,201906,International,G,4454
Europe,International,201908,International,A,3576
US,Domestic,201902,Terminal 2,D,752
US,Domestic,201902,Terminal 3,F,132072
Mexico,International,201904,Terminal 3,E,7192
Asia,International,201902,International,G,12564
US,Domestic,201904,Terminal 1,C,13810
Australia / Oceania,International,201907,International,G,1088
Europe,International,201907,International,A,2555
Middle East,International,201905,International,A,225
US,Domestic,201901,Terminal 3,F,371740
Europe,International,201907,International,A,14634
Europe,International,201907,International,G,1475
Europe,International,201907,Terminal 3,F,5587
Asia,International,201903,International,A,9091
Australia / Oceania,International,201906,International,A,572
Australia / Oceania,International,201908,International,G,12694
US,Domestic,201904,Terminal 3,E,286240
Europe,International,201907,International,G,1197
Mexico,International,201908,Terminal 3,E,4754
Asia,International,201906,International,G,13464
Europe,International,201904,International,A,437
Asia,International,201903,International,A,24404
Asia,International,201908,International,A,9221
Asia,International,201908,International,A,13606
US,Domestic,201908,Terminal 3,F,157120
US,Domestic,201903,International,G,270
Europe,International,201902,International,G,15561
Asia,International,201903,International,A,10143
US,Domestic,201904,International,G,726
US,Domestic,201904,International,G,11241
Mexico,International,201904,International,G,25280
Asia,International,201909,International,A,9322
US,Domestic,201907,Terminal 1,C,240561
Europe,International,201909,International,G,22447
US,Domestic,201902,Terminal 1,B,10325
Asia,International,201909,International,G,80498
Australia / Oceania,International,201907,International,G,3291
Canada,International,201904,International,G,7832
Europe,International,201905,International,G,2301
Europe,International,201908,International,A,4663
US,Domestic,201902,Terminal 1,C,3999
Asia,International,201904,International,A,9300
Mexico,International,201909,Terminal 3,E,2846
US,Domestic,201909,Terminal 2,D,18261
US,Domestic,201908,Terminal 1,C,49165
Asia,International,201901,International,G,7813
US,Domestic,201901,Terminal 3,F,812
Mexico,International,201903,International,A,12512
Europe,International,201908,Terminal 3,F,999
Europe,International,201907,International,G,6150
Canada,International,201904,International,G,7944
Asia,International,201904,International,G,25351
Asia,International,201907,International,A,16243
Europe,International,201904,International,A,11395
Canada,International,201902,International,G,32046
US,Domestic,201909,Terminal 3,F,421500
US,Domestic,201903,Terminal 1,C,14828
Asia,International,201909,International,A,4527
US,Domestic,201901,Terminal 1,C,5452
Asia,International,201907,International,A,5954
Asia,International,201907,International,G,19908
Asia,International,201902,International,A,5425
Mexico,International,201907,International,A,9150
Mexico,International,201905,International,A,9431
Central America,International,201905,International,G,7551
